No.,공연명,카테고리,장르,시작일,종료일,공연시설,공연장,객석수(석),지역,제작,기획,주최,주관
1,백설공주 [광주],뮤지컬,CREATIVE,2026.02.01,2026.02.28,롯데마트 [월드컵],행복을 주는 가족극장,50,광주,,,행복을 주는 가족극장,
2,"KBS교향악단과 함께하는 임산부를 위한 태교 음악회: 용인시, 생명의 선율을 듣다",서양음악(클래식),ORCHESTRA,2026.01.31,2026.01.31,용인시평생학습관 (여성회관),큰어울마당,599,경기,(재)용인문화재단,,(재)용인문화재단,(재)KBS교향악단
3,"대전재즈협회 정기공연, KC Bridge (1월)",대중음악,JAZZ,2026.01.31,2026.01.31,옐로우택시,옐로우택시,50,대전,,,대전재즈협회,대전재즈협회
4,최현호 & 홍유진 피아노 듀오 리사이틀,서양음악(클래식),RECITAL,2026.02.02,2026.02.02,금호아트홀 연세,금호아트홀 연세,390,서울,이든예술기획(주),,이든예술기획(주),
5,언젠가 나를 다시 찾을 날이 오겠지,연극,DRAMA,2026.01.31,2026.02.01,보광극장,보광극장,30,서울,,보광극단,창작예술집단 보광극장,보광극단
6,"토요재즈살롱 LIVE IN 인천 송도, 김광용 QUARTET",대중음악,JAZZ,2026.01.31,2026.01.31,카페와안,2층 공연장,0,인천,,,별들의도시,
7,어쩌다 하루 [대학로],연극,DRAMA,2026.01.28,2026.02.01,씨어터조이 (구. 마당세실극장),씨어터조이 (구. 마당세실극장) ,100,서울,씨어터조이,극단 mate,모노프로젝트(MODEST Ent),모노프로젝트(MODEST Ent)
8,"너트30 페스티벌, 크라잉넛 with 잔나비",대중음악,BALLAD,2025.10.29,2025.10.29,KT&G 상상마당 라이브홀 [마포],KT&G 상상마당 라이브홀 [마포] ,150,서울,KT&G 상상마당,,KT&G 상상마당,KT&G 상상마당
9,Winter Theatre Series Ⅰ. 쉬어매드니스 [대구],연극,DRAMA,2026.01.31,2026.01.31,대구서구문화회관,공연장,452,대구,대구광역시 서구문화회관,,대구광역시 서구문화회관,대구광역시 서구문화회관
10,"소년소녀병 기림 행사: 소년의 눈으로, 소년을 기억하라 [대구]",뮤지컬,CREATIVE,2025.10.28,2025.10.28,수성아트피아,대극장 (대공연장) ,"1,159",대구,,,대구광역시청,대구광역시청
11,공룡 구출대작전 [의정부],연극,DRAMA,2026.02.01,2026.02.01,우리소극장 [의정부],우리소극장 [의정부],50,경기,,,극단 상상마당컴퍼니(의정부 우리소극장),
12,집들이콘서트 #47. 타오르는 어둠 속에서,뮤지컬,CREATIVE,2026.02.02,2026.02.02,링크아트센터,페이코홀,470,서울,(주) 라슨컴퍼니,(주) 라슨컴퍼니,(주) 라슨컴퍼니,
13,LIVE in SETi Vol.73,대중음악,BALLAD,2026.02.02,2026.02.02,세티 라이브홀 (SETI LIVE HALL),세티 라이브홀 (SETI LIVE HALL) ,0,서울,,,"세티 라이브홀(SETi LIVE HALL), (주) 수소엔터테인먼트 (SOOSO Ent.)",
14,찔레꽃 [산청],연극,DRAMA,2025.11.27,2025.11.27,큰들마당극마을,까망극장,0,경남,,,극단 큰들,
15,정담온 클라리넷 독주회,서양음악(클래식),RECITAL,2026.01.29,2026.01.29,꿈의숲아트센터,콘서트홀,301,서울,주식회사 원아트,,주식회사 원아트,
16,님만헤민 게스트하우스,뮤지컬,CREATIVE,2026.01.08,2026.04.05,선돌극장,선돌극장,130,서울,HK컴퍼니,,HK컴퍼니,극단 흥
17,에스솔로이스츠 10주년 정기연주회,서양음악(클래식),CHAMBER,2026.01.30,2026.01.30,거암아트홀,거암아트홀,144,서울,에스 솔로이스츠 (S SOLOISTS),,에스 솔로이스츠 (S SOLOISTS),에스클래식
18,초조한 마음 리딩 쇼케이스,뮤지컬,CREATIVE,2026.01.26,2026.01.26,더 서울라이티움 (갤러리아포레),G층 전용관,800,서울,"네버엔딩플레이(N.E.P Contents), (주)나오인컬쳐","네버엔딩플레이(N.E.P Contents), (주)나오인컬쳐",,
19,"제91회 끌로드 살롱콘서트, 앙상블 톤즈: 겨울의 끝에서",서양음악(클래식),CHAMBER,2026.01.29,2026.01.29,끌로드아트홀,끌로드아트홀,50,제주,예술기획 끌로드,,예술기획 끌로드,
20,필하모닉 앙상블 신년음악회 [논산],서양음악(클래식),CHAMBER,2026.02.01,2026.02.01,논산아트센터(구. 논산문화예술회관),대공연장,560,충남,,,논산시청,논산문화관광재단
21,제12회 성남유스챔버 정기연주회 [성남],서양음악(클래식),CHAMBER,2026.02.01,2026.02.01,성남아트센터,앙상블씨어터,378,경기,,,성남유스챔버오케스트라,성남유스챔버오케스트라
22,이효연 플루트 독주회,서양음악(클래식),RECITAL,2026.02.01,2026.02.01,예술의전당 [서울],인춘아트홀,100,서울,음악교육신문,,음악교육신문,
23,RAP HOUSE VOL.48,대중음악,BALLAD,2026.01.30,2026.01.30,"플렉스라운지 (구. 스테이라운지, 구. 인디팍)","플렉스라운지 (구. 스테이라운지, 구. 인디팍)",150,서울,(주)데이토나 엔터테인먼트(Daytona Entertainment),,RAP HOUSE(랩하우스),RAP HOUSE(랩하우스)
24,"Preview: Unpublished, raw cut, demo yymmdd",대중음악,BALLAD,2026.01.31,2026.01.31,클럽온에어,클럽온에어,0,서울,블룸어뉴클럽(bloomanewclub),,블룸어뉴클럽(bloomanewclub),블룸어뉴클럽(bloomanewclub)
25,KANGHYUK *^^K - MIXTAPE SHOWCASE,대중음악,BALLAD,2026.02.01,2026.02.01,더헨즈(THE HENZ CLUB),더헨즈(B1),0,서울,(주)데이토나 엔터테인먼트(Daytona Entertainment),,(주)데이토나 엔터테인먼트(Daytona Entertainment),(주)데이토나 엔터테인먼트(Daytona Entertainment)
26,LIVE in SETi vol.72,대중음악,BALLAD,2026.01.27,2026.01.27,세티 라이브홀 (SETI LIVE HALL),세티 라이브홀 (SETI LIVE HALL) ,0,서울,,,"세티 라이브홀(SETi LIVE HALL), (주) 수소엔터테인먼트 (SOOSO Ent.)",
27,소중한 하루,연극,DRAMA,2026.01.26,2026.01.26,온맘씨어터,온맘씨어터,100,서울,소중한 하루,소중한 하루,소중한 하루,
28,유석오케스트라 정기연주회,서양음악(클래식),ORCHESTRA,2026.01.28,2026.01.28,고양어울림누리,어울림극장,"1,290",경기,,,유석초등학교,
29,LETTER: 그 사이에 [부산],연극,DRAMA,2026.01.30,2026.01.31,레몬트리소극장,레몬트리소극장,100,부산,,,,테라인스파이어
30,앙상블 플레이리스트 Ep.5,서양음악(클래식),CHAMBER,2026.01.28,2026.01.28,꿈의숲아트센터,콘서트홀,301,서울,,,신프로젝트,
31,피아니스트 정진우 교수 1주기 추모 음악회,서양음악(클래식),CHAMBER,2026.01.27,2026.01.27,예술의전당 [서울],IBK챔버홀,600,서울,(주)음연,,,(주)음연
32,"여주세종문화관광재단 살롱 시리즈, 색소포니스트 브랜든 최 콘서트 [여주]",서양음악(클래식),CHAMBER,2026.01.21,2026.01.21,세종국악당,세종국악당,388,경기,(재) 여주세종문화관광재단,,(재) 여주세종문화관광재단,(재) 여주세종문화관광재단
33,그루브스튜디오 잼세션 (Groove Studio Jam Session),대중음악,BALLAD,2026.01.25,2026.02.22,그루브뮤직스튜디오 (GROOVE STUDIO),A홀,70,서울,(주)그루브뮤직,,(주)그루브뮤직,재즈클럽 그루브
34,캐리tv: 빠라밤 캐리밴드 런앤플레이 [서울 도곡],뮤지컬,CREATIVE,2026.01.24,2026.03.02,롯데시네마 [도곡] ,7관,302,서울,"롯데컬처웍스, (주)캐리소프트(캐리TV)",,(주)캐리소프트(캐리TV),
35,제8회 서울스트링아카데미 정기연주회: SSA 영아티스트 콘서트,서양음악(클래식),CHAMBER,2026.01.30,2026.01.30,롯데콘서트홀,롯데콘서트홀,"2,036",서울,클로에뮤직,,"클로에뮤직, 서울스트링아카데미음악학원",클로에뮤직
36,제34회 콘체르토 콘서트,서양음악(클래식),CHAMBER,2025.12.03,2025.12.03,롯데콘서트홀,롯데콘서트홀,"2,036",서울,,,리움챔버오케스트라,하모니쓰리엠
37,"김남훈 작곡발표회: 섬의 이야기, 음악으로 잇다 [제주]",서양음악(클래식),CHAMBER,2025.04.19,2025.04.19,BeIN(비인),BeIN(비인),151,제주,Be IN;(비인),,,
38,제4회 TST music winter concert: 끝없이 반짝이는 우리가 되길 [제주],서양음악(클래식),CHAMBER,2025.02.15,2025.02.15,BeIN(비인),BeIN(비인),151,제주,,,티에스티(TST)실용음악학원,티에스티(TST)실용음악학원
39,"아사달 1st 전국투어, 인천: 초승달",대중음악,BALLAD,2026.02.01,2026.02.01,루비살롱,루비살롱,20,인천,,,밴드 아사달(ASADAL),밴드 아사달(ASADAL)
40,제30회 페스티벌 필하모닉 오케스트라 정기연주회 [성남],서양음악(클래식),ORCHESTRA,2026.02.01,2026.02.01,성남아트센터,콘서트홀,"1,102",경기,,,,
41,수상한스테이지 (01.23),대중음악,BALLAD,2026.01.23,2026.01.23,수상한창고,수상한창고,35,서울,,,수상한 창고(수상한협동조합),
42,NEED MORE GAS,대중음악,BALLAD,2026.01.30,2026.01.30,몬드리안 서울 이태원,공연장(B2),0,서울,(주)새드가스 (SAD GAS STATION),,(주)새드가스 (SAD GAS STATION),(주)새드가스 (SAD GAS STATION)
43,제3회 루스틱 목관앙상블 정기연주회,서양음악(클래식),CHAMBER,2026.02.01,2026.02.01,금호아트홀 연세,금호아트홀 연세,390,서울,케이클래식스테이지(K-CLASSIC STAGE),,케이클래식스테이지(K-CLASSIC STAGE),
44,버디버디 [아산],뮤지컬,CREATIVE,2026.02.01,2026.02.22,도고아트홀(구.아산 코미디홀),도고아트홀(구.아산 코미디홀),169,충남,,,아산시청,(재)아산문화재단
45,지브리 & 디즈니 OST 콘서트 [문경],서양음악(클래식),CHAMBER,2026.01.29,2026.01.29,문경문화예술회관,대공연장,724,경북,,,문경시,문경시
46,"78LIVE, g0nny",대중음악,BALLAD,2026.01.29,2026.01.29,엠피엠지,LOUNGE M.,30,서울,"(주)Master Plan Music Group(MPMG, 엠피엠지)",,78AVENUE,민트페이퍼
47,제9회 한신유스콰이어 정기연주회 [성남],서양음악(클래식),CHAMBER,2026.01.31,2026.01.31,성남아트센터,앙상블씨어터,378,경기,,,,
48,"ARTCOMPOSITE KINDER, THE GREATEST SHOW: GALA SHOW",뮤지컬,CREATIVE,2026.01.23,2026.01.23,서교스퀘어,서교스퀘어,0,서울,(주)미담에듀컬,,(주)미담에듀컬,
49,LIVE in SETi vol.71,대중음악,BALLAD,2026.01.21,2026.01.21,세티 라이브홀 (SETI LIVE HALL),세티 라이브홀 (SETI LIVE HALL) ,0,서울,,,"세티 라이브홀(SETi LIVE HALL), (주) 수소엔터테인먼트 (SOOSO Ent.)",
50,금난새와 함께하는 회원음악회 [성남],서양음악(클래식),CHAMBER,2026.01.20,2026.01.20,성남아트센터,콘서트홀,"1,102",경기,,,,
51,제7회 영신오케스트라 정기연주회: 영신교육재단 80주년 기념 [대구],서양음악(클래식),ORCHESTRA,2026.01.29,2026.01.29,수성아트피아,대극장 (대공연장) ,"1,159",대구,대구영신초등학교,,대구영신초등학교,영신교육재단
52,"제10회 모자이크 페스티벌: NO LIMIT, Datum Point",연극,DRAMA,2026.02.02,2026.02.04,연희예술극장,연희예술극장,100,서울,,,연희예술극장,이방인(2roomperson)
53,우리가 걸어온 이야기 This Is How We Got Here,연극,DRAMA,2026.01.23,2026.01.25,극장 동국,극장 동국,82,서울,,아트앤쉐어링 (ART & SHARING) 공연예술팀 공드리,아트앤쉐어링 (ART & SHARING) 공연예술팀 공드리,
54,"중구민을 위한 월요극장 10, 비하인드 더 문",뮤지컬,CREATIVE,2026.02.02,2026.02.02,충무아트센터,중극장 블랙,320,서울,(재)중구문화재단(충무아트센터),컴퍼니 연작,"SBS, (재)중구문화재단(충무아트센터)",
55,Life in harmony-metlife 고객초청연주,서양음악(클래식),CHAMBER,2026.01.23,2026.01.23,구미시문화예술회관,소공연장,283,경북,,,메트로라이프생명 구미지점(메트라이프 구미지점),메트로라이프생명 구미지점(메트라이프 구미지점)
56,"엘림아트센터, 로비콘서트: 가장 가까이에서 만나는 디즈니와 지브리 [인천]",서양음악(클래식),CHAMBER,2026.02.01,2026.02.01,엘림아트센터,로비 (6F) ,0,인천,엘림아트센터,,엘림아트센터,엘림아트센터
57,"코멜리 앙상블 콘서트, Brahms & Dvorak: 낭만의 대화",서양음악(클래식),CHAMBER,2026.01.31,2026.01.31,예술의전당 [서울],인춘아트홀,100,서울,,,코멜리 앙상블,
58,클래식코리아 콘체르토 페스티발: 유로챔버오케스트라와 함께하는 콘체르토 페스티벌,서양음악(클래식),ORCHESTRA,2026.01.21,2026.01.21,영산아트홀,영산아트홀,598,서울,클래식코리아,,"클래식코리아, 유로챔버오케스트라",클래식코리아
59,"제1288회 서초금요음악회, 창작오페라: 김소월",서양음악(클래식),OPERA,2026.01.30,2026.01.30,서초문화예술회관(구. 서초구민회관),아트홀(대강당),690,서울,서초구청,,서초구청,서초구청
60,제15회 RARE DREAMZ 정기연주회,서양음악(클래식),CHAMBER,2026.01.22,2026.01.22,세종문화회관,세종M씨어터,609,서울,,,(사) 한국희귀·난치성질환연합회,(주)엔엘티원
61,창원시립교향악단과 함께하는 신년음악회 [거창],서양음악(클래식),ORCHESTRA,2026.01.23,2026.01.23,거창문화센터,공연장,686,경남,,,(재)거창문화재단,(재)거창문화재단
62,엘림아트센터: 클래식 명곡으로 채운 가장 편안한 로비콘서트 [인천],서양음악(클래식),CHAMBER,2026.01.25,2026.01.25,엘림아트센터,로비 (6F) ,0,인천,엘림아트센터,,엘림아트센터,엘림아트센터
63,"수아레콘서트, THE GRAND VOICES: S-VISION VOICE (1월)",서양음악(클래식),CHAMBER,2026.01.28,2026.01.28,소셜베뉴 라움,체임버홀,384,서울,라움아트센터(소셜베뉴 라움),,라움아트센터(소셜베뉴 라움),
64,"쌀롱드무지끄, Echoes of Light: 빛의 메아리",서양음악(클래식),CHAMBER,2026.01.31,2026.01.31,쌀롱드무지끄,쌀롱드무지끄,20,서울,,,쌀롱드무지끄,
65,Harmony: Violin & Piano Duo Recital [성남],서양음악(클래식),CHAMBER,2026.01.27,2026.01.27,티엘아이 아트센터,티엘아이 아트센터,244,경기,아트너(ARTNER),아트너(ARTNER),"아트너(ARTNER), 아르떼모 (ARTEMO)",
66,Fluty Friends Concert,서양음악(클래식),CHAMBER,2026.01.24,2026.01.24,거암아트홀,거암아트홀,144,서울,예진문화기획사 (매니지먼트예진),,"예진문화기획사 (매니지먼트예진), Fluty Friends",예진문화기획사 (매니지먼트예진)
67,영어 뮤지컬 캠프 발표회 [대구],뮤지컬,CREATIVE,2026.01.17,2026.01.17,어울아트센터(구. 대구북구문예회관),오봉홀(소공연장),116,대구,,,(재)행복북구문화재단(어울아트센터),(재)행복북구문화재단(어울아트센터)
68,"내 곁에, 베토벤: 어린이 클래식 콘서트 [제주]",서양음악(클래식),CHAMBER,2026.01.31,2026.01.31,애월뮤직팩토리,애월뮤직팩토리,0,제주,외솔컴퍼니,,자작나무숲,
69,소아마비 박멸 프로젝트 신년음악회 [성남],서양음악(클래식),CHAMBER,2026.01.22,2026.01.22,성남아트리움 (구. 성남시민회관),대극장,645,경기,,,,
70,"월간연주자, 피아니스트 김다희 (1월)",서양음악(클래식),CHAMBER,2026.01.31,2026.01.31,갤러리 디 아르테 청담,공연장 (B1) ,0,서울,ARTE WITH (아르테위드),,ARTE WITH (아르테위드),
71,한국해양진흥공사와 함께하는 해양음악제: 바다의 재즈 [부산],대중음악,JAZZ,2026.01.22,2026.01.22,(재) 영화의전당,하늘연극장,841,부산,,,한국해양진흥공사,(사) 부산메세나협회
72,김정훈 바이올린 독주회: 모자르트 전곡 시리즈 Ⅰ,서양음악(클래식),RECITAL,2026.01.27,2026.01.27,예술의전당 [서울],인춘아트홀,100,서울,조인클래식,,조인클래식,
73,고미의 여행 [울산],연극,DRAMA,2026.01.24,2026.02.14,토마토소극장,토마토소극장,125,울산,,,극단 토마토,
74,바이올리니스트 박강현: 사적인 대화,서양음악(클래식),CHAMBER,2026.01.29,2026.01.29,뮤직앤아트스튜디오,뮤직앤아트스튜디오,20,서울,(주)뮤직앤아트컴퍼니,,(주)뮤직앤아트컴퍼니,
75,K-MEGA SONG 콘서트 [부산],대중음악,BALLAD,2026.01.24,2026.01.24,경성대학교 콘서트홀,경성대학교 콘서트홀,449,부산,(주)엠에스엔터테인먼트,,경성대학교,"부산광역시, 교육부, 경성대학교, (재)한국연구재단"
76,"제2회 드림단막극장: 짝, 사랑 [대전]",연극,ROMANCE,2026.01.21,2026.01.22,드림아트홀 [대전],드림아트홀 [대전] ,77,대전,창작집단 위드유,"드림아트홀, 극단 고래",창작집단 위드유,
77,클레어심포니오케스트라 기획공연: Symphonie fantastique [성남],서양음악(클래식),ORCHESTRA,2026.01.24,2026.01.24,성남아트센터,콘서트홀,"1,102",경기,,,,클래식스페이스
78,영산아트홀 신인연주자시리즈,서양음악(클래식),CHAMBER,2026.01.26,2026.01.26,영산아트홀,영산아트홀,598,서울,(재)순복음선교회,,"영산아트홀, (재)순복음선교회",
79,온달아 평강아 [수원],연극,DRAMA,2026.01.31,2026.01.31,경기아트센터(구. 경기도문화의전당),대극장,"1,544",경기,(재)경기아트센터,,(재)경기아트센터,(재)경기아트센터
80,부천시립예술단 신년음악회,서양음악(클래식),CHAMBER,2026.01.22,2026.01.22,부천아트센터,콘서트홀,"1,445",경기,,,부천시청(부천시립예술단),부천시청(부천시립예술단)
81,"김재형 콘서트: 단독공연 하는데요,",대중음악,BALLAD,2026.01.31,2026.01.31,CJ아지트 광흥창,CJ아지트 광흥창,250,서울,,,CJ문화재단,
82,死生決斷,대중음악,BALLAD,2026.02.01,2026.02.01,세티 라이브홀 (SETI LIVE HALL),세티 라이브홀 (SETI LIVE HALL) ,0,서울,,,세티 라이브홀(SETi LIVE HALL),
83,남양주 필하모닉 오케스트라 신년 음악회 [남양주],서양음악(클래식),ORCHESTRA,2026.01.31,2026.01.31,다산아트홀,다산아트홀,496,경기,남양주심포닉앙상블,,남양주심포닉앙상블,남양주 필하모닉 오케스트라
84,"김성연의 월간마임, This is the Mime vol.4",연극,DRAMA,2026.01.31,2026.01.31,극단 빈-공간 (빈-공간 THEATRE),극단 빈-공간,0,서울,극단 빈-공간,,극단 빈-공간,극단 빈-공간
85,제3회 고유앙상블 정기연주회 [안산],서양음악(클래식),CHAMBER,2026.01.27,2026.01.27,안산문화예술의전당,달맞이극장,716,경기,고유스튜디오,,고유스튜디오,
86,NEKIRU X LuciDreaM 2MAN LIVE,대중음악,BALLAD,2026.01.29,2026.01.29,세티 라이브홀 (SETI LIVE HALL),세티 라이브홀 (SETI LIVE HALL) ,0,서울,,,세티 라이브홀(SETi LIVE HALL),
87,"idol wave, ACT 1: Overture",대중음악,BALLAD,2026.01.28,2026.01.28,프리즘홀 (프리즘플러스),프리즘홀 (프리즘플러스) ,120,서울,,,마츠나미(matsunami),
88,창원시립교향악단 신년음악회 [창원],서양음악(클래식),ORCHESTRA,2026.01.22,2026.01.22,3.15아트센터,대극장,"1,182",경남,,,창원시립교향악단,
89,팔 치킨,연극,DRAMA,2026.01.22,2026.02.01,대학로 스카이씨어터,2관(5층 구 JK아트홀),130,서울,매직플레이,,매직플레이,"점방집, (주)윈드밀미디어"
90,만선 [수원],연극,DRAMA,2026.02.02,2026.02.03,경기아트센터(구. 경기도문화의전당),소극장,502,경기,(재)경기아트센터,극단 돋을양지,(재)경기아트센터,(재)경기아트센터
91,조은영 첼로 독주회,서양음악(클래식),RECITAL,2026.01.23,2026.01.23,금호아트홀 연세,금호아트홀 연세,390,서울,예인예술기획,,예인예술기획,
92,아이보리 (Ivory) 단독공연: Welcome to my studio,대중음악,BALLAD,2026.01.31,2026.01.31,살롱 문보우,살롱 문보우,80,서울,,,,NULL.ii (널리)
93,Winter Forest,서양음악(클래식),CHAMBER,2026.01.25,2026.01.25,쌀롱드무지끄,쌀롱드무지끄,20,서울,,,쌀롱드무지끄,
94,THE 신년음악회 [오산],서양음악(클래식),CHAMBER,2026.01.24,2026.01.24,오산문화예술회관,대공연장,800,경기,(재)오산문화재단,,(재)오산문화재단,(재)오산문화재단
95,TUNE UP MEETS FRESH FINDS VOL. 2,대중음악,BALLAD,2026.01.30,2026.01.30,CJ아지트 광흥창,CJ아지트 광흥창,250,서울,(주)비이피씨탄젠트,,"스포티파이 코리아, CJ문화재단",(주)비이피씨탄젠트
96,"토요재즈살롱 LIVE IN 인천 송도, 정우연 TRIO",대중음악,JAZZ,2026.01.17,2026.01.17,카페와안,2층 공연장,0,인천,,,카페 와안,
97,Love & Jazz (발렌타인&화이트 데이) [사당],대중음악,JAZZ,2025.02.14,2026.03.14,entry55 [사당],entry55 [사당] ,88,서울,,,entry55,
98,SOUND EXP,대중음악,BALLAD,2026.01.15,2026.01.15,아틀리에홀,아틀리에홀 (B1) ,0,서울,,,LIVE Atelier,
99,더하나 패밀리 콘서트,서양음악(클래식),CHAMBER,2026.01.30,2026.01.30,성남아트센터,앙상블씨어터,378,경기,,,성남아트센터,
100,"클래시카서울 라이징스타 시리즈, 오닉스 콰르텟",서양음악(클래식),CHAMBER,2026.01.31,2026.01.31,클래시카 서울,클래시카 서울,120,서울,클래시카 서울,,클래시카 서울,클래시카 서울
101,살고지고 [대학로 (앵콜) ],연극,DRAMA,2026.01.22,2026.01.29,"제이원 씨어터 (구. 서완소극장, 구. 씨어터고리)","제이원 씨어터 (구. 서완소극장, 구. 씨어터고리) ",98,서울,극단 원공,극단 원공,극단 원공,극단 원공
102,"부평아트센터 안부시리즈: 베토벤, 합창",서양음악(클래식),CHOIR,2026.01.17,2026.01.17,부평아트센터,해누리극장,868,인천,,,(재)인천광역시 부평구문화재단(부평아트센터),
103,신년음악회 [안양],서양음악(클래식),CHAMBER,2026.01.31,2026.01.31,안양아트센터,관악홀,"1,126",경기,(재) 안양문화예술재단(안양아트센터),,"(주)수퍼비(SUPER B), (재) 안양문화예술재단(안양아트센터)","(주)수퍼비(SUPER B), (재) 안양문화예술재단(안양아트센터)"
104,제20회 디가디가 타악기 앙상블 정기 연주회 [부산],서양음악(클래식),CHAMBER,2026.01.25,2026.01.25,(재) 영화의전당,하늘연극장,841,부산,,,디가디가 타악기 앙상블,디가디가 타악기 앙상블
105,"제1회 갓지은 페스티벌, 가시의 탄생",연극,DRAMA,2026.01.17,2026.01.17,홍해성 소극장,소극장,40,서울,루미마 프로젝트,루미마 프로젝트,"프로젝트 한, 루미마 프로젝트",프로젝트 한
106,제2회 콘서트월드 국제 실내악 페스티벌,서양음악(클래식),CHAMBER,2026.01.29,2026.01.29,롯데콘서트홀,롯데콘서트홀,"2,036",서울,마에스트로 컴퍼니,,콘서트월드,마에스트로 컴퍼니
107,"아츠스프링 대구 페스티벌, 대구성악가협회 성악콩쿨 수상자 음악회",서양음악(클래식),VOCAL,2026.01.31,2026.01.31,대구문화예술회관,팔공홀,"1,008",대구,대구문화예술회관,,"대구문화예술회관, 대구문화예술진흥원","대구문화예술회관, 대구문화예술진흥원"
108,"신년음악회, 함신익 & 심포니 송 [서산]",서양음악(클래식),CHAMBER,2026.01.23,2026.01.23,서산시문화회관,대공연장,601,충남,,심포니 송,서산시청,서산시문화시설사업소
109,EKUREA BIRTHDAY LIVE: 영원한 사랑,대중음악,BALLAD,2026.01.31,2026.01.31,세티 라이브홀 (SETI LIVE HALL),세티 라이브홀 (SETI LIVE HALL) ,0,서울,,,세티 라이브홀(SETi LIVE HALL),
110,센텀아트홀 명품 ART 키즈콘서트: Winter Story [부산],서양음악(클래식),CHAMBER,2026.01.25,2026.01.25,센텀아트홀,센텀아트홀,100,부산,,,센텀아트홀,
111,"(사) 이태석재단 UN 특별협의지위 NGO 출범 축하음악회: 사랑으로 세운 길, 세계평화를 향해 나아가다",서양음악(클래식),CHAMBER,2026.01.17,2026.01.17,세종문화회관,세종M씨어터,609,서울,,,(사) 이태석재단,이태석리더십아카데미
112,한국경제인협회 퓨처 리더스 캠프 기념연주 [강릉],서양음악(클래식),CHAMBER,2026.01.30,2026.01.30,강릉아트센터 (구. 강릉문화예술관),사임당홀 (대공연장) ,972,강원,,,(사)한국경제인협회,(사)한국경제인협회
113,안티고네 [대학로],연극,DRAMA,2026.01.16,2026.01.16,아트코리아랩,실험실 (B1F) ,20,서울,,,,
114,"제1145회 하우스콘서트, 선율 (Piano)",서양음악(클래식),CHAMBER,2026.01.26,2026.01.26,예술가의 집,예술가의 집,110,서울,,,더하우스콘서트,
115,애니메이션 OST 섀도우콘서트 [제주],서양음악(클래식),CHAMBER,2026.01.17,2026.02.22,알레스 아트(Alles-Art),알레스 아트(Alles-Art),0,제주,,,알레스 아트,
116,싱긴어게인 콘서트 [의정부],대중음악,BALLAD,2026.01.24,2026.01.24,의정부예술의전당,대극장,"1,025",경기,어나더레벨,,어나더레벨,어나더레벨
117,"MINI Concert AL!VE 월간종로, 양다일",대중음악,BALLAD,2026.01.24,2026.01.24,CGV [피카디리 1958],피카디리홀,0,서울,(주)에이엠케이코퍼레이션(AMK),,"심바브라더스, (주)에이엠케이코퍼레이션(AMK)","엠피엘엔터테인먼트(MPL Ent.), (주)플럭스소닉(FLUXSONIC), (주)에이엠케이코퍼레이션(AMK)"
118,노민호와 주리애 [완도],뮤지컬,CREATIVE,2026.01.27,2026.01.27,완도문화예술의전당,완도문화예술의전당,492,전남,완도군,(사)한국방송예술인단체연합회(KFBO),완도군,완도군
119,집들이 콘서트 #46. 새해 운동 추천서,뮤지컬,CREATIVE,2026.01.19,2026.01.19,구름아래소극장,구름아래소극장,200,서울,(주) 라슨컴퍼니,(주) 라슨컴퍼니,(주) 라슨컴퍼니,(주) 라슨컴퍼니
120,제2회 앙상블 노바팔라 정기 연주회: 유럽의 민속음악 [대구],서양음악(클래식),CHAMBER,2026.01.24,2026.01.24,대구콘서트하우스,챔버홀 (소공연장) ,248,대구,,,앙상블 노바팔라,앙상블 노바팔라
121,안동문화예술의전당 유료회원을 위한 스페셜 콘서트 [안동],서양음악(클래식),CHAMBER,2026.01.23,2026.01.23,안동문화예술의전당,웅부홀,994,경북,,,안동문화예술의전당,안동문화예술의전당
122,글램 윈터,대중음악,BALLAD,2026.01.31,2026.01.31,웨스트브릿지 라이브홀,웨스트브릿지 라이브홀,160,서울,더 스타 피앤피(The STAR PnP),,"컬처탱크(CULTURETANK), 더 스타 피앤피(The STAR PnP)",더 스타 피앤피(The STAR PnP)
123,서울학생연합 오케스트라 창단 연주회,서양음악(클래식),ORCHESTRA,2026.01.26,2026.01.26,롯데콘서트홀,롯데콘서트홀,"2,036",서울,,,아트인뮤직 컴퍼니,
124,알라딘 [부천],뮤지컬,CREATIVE,2026.01.29,2026.02.01,한국만화박물관,만화영화상영관,386,경기,아폴론art컴퍼니,극단 이후,한국만화영상진흥원,"한국만화박물관, 아폴론art컴퍼니"
125,서귀포 벤치마킹 [함안],연극,DRAMA,2026.01.12,2026.01.12,함안문화예술회관,대공연장,510,경남,,,,
126,달서구민과 함께하는 신년음악회 [대구 달서],대중음악,BALLAD,2026.01.23,2026.01.23,달서아트센터 (구. 웃는얼굴아트센터),청룡홀,455,대구,"(재)달서문화재단 (웃는얼굴아트센터, 달서아트센터)",,"(재)달서문화재단 (웃는얼굴아트센터, 달서아트센터)","(재)달서문화재단 (웃는얼굴아트센터, 달서아트센터)"
127,그루브잼세션 (Groove Jam Session),대중음악,BALLAD,2026.01.22,2026.02.26,재즈클럽 그루브,재즈클럽 그루브,70,서울,(주)그루브뮤직,,(주)그루브뮤직,재즈클럽 그루브
128,국제 브루노발터 라이징콘서트,서양음악(클래식),CHAMBER,2026.01.12,2026.01.12,롯데콘서트홀,롯데콘서트홀,"2,036",서울,,,한국현악교육협회,BWIMC(브루노발터)
129,"고상지 트리오, 피아졸라: 부에노스 아이레스의 사계",대중음악,BALLAD,2026.01.31,2026.01.31,아트센터 림,아트홀,120,서울,아트센터 림(Artcenter LIM),,(재) 도은,아트센터 림(Artcenter LIM)
130,HYANG LIVE PERFORMANCE: NOTHING CONCRETE YET,대중음악,BALLAD,2026.01.24,2026.01.24,스트레인지 프룻,스트레인지 프룻,0,서울,밴드 향(HYANG),,밴드 향(HYANG),밴드 향(HYANG)
131,제16회 베누스토 일산오케스트라 정기연주회 [고양],서양음악(클래식),ORCHESTRA,2026.01.31,2026.01.31,고양아람누리,새라새극장,304,경기,,,베누스토 일산 오케스트라,베누스토 일산 오케스트라
132,클라리넷 앙상블 휘 정기연주회: Colorful Clarinets,서양음악(클래식),CHAMBER,2026.01.30,2026.01.30,세종문화회관,세종체임버홀,443,서울,,,더울림 문화예술기획,더울림 문화예술기획
133,"No Entry: 출입금지구역: 양치기소년단, 포져군단",대중음악,BALLAD,2026.01.29,2026.01.29,클럽온에어,클럽온에어,0,서울,어텐션 프로젝트,,어텐션 프로젝트,어텐션 프로젝트
134,"제16회 페스티벌 판을 열다, 그려진 그림자",연극,DRAMA,2026.01.14,2026.01.18,놀터예술공방,놀터예술공방,48,서울,극단 놀터,창작집단 난장,극단 놀터,페스티벌 판을열다 운영위원회
135,FRISK with Meltmode,대중음악,BALLAD,2026.01.31,2026.02.01,쉐이프(Shape Seoul),쉐이프(Shape),0,서울,,,프리스크(FRISK),
136,리오아트 아뜰리에 기획연주 시리즈 Ⅱ. 오르간 콘서트 [인천],서양음악(클래식),CHAMBER,2026.01.17,2026.01.17,리오아트 아뜰리에,리오아트 아뜰리에,0,인천,,,리오아트 아뜰리에,리오아트 아뜰리에
137,"제10회 한국뮤지컬어워즈, 대한민국 뮤지컬 페스티벌",뮤지컬,CREATIVE,2026.01.19,2026.01.19,세종문화회관,세종대극장,"3,022",서울,(사)한국뮤지컬협회,,(사)한국뮤지컬협회,
138,우지안 포르테피아노 리사이틀: 모셸레스 프로젝트 2,서양음악(클래식),RECITAL,2026.01.31,2026.01.31,예술의전당 [서울],리사이틀홀,354,서울,이든예술기획(주),,이든예술기획(주),
139,"쌀롱드무지끄, 피아노듀오 매그",서양음악(클래식),CHAMBER,2026.01.24,2026.01.24,쌀롱드무지끄,쌀롱드무지끄,20,서울,,,쌀롱드무지끄,
140,이상웅 Band Concert,대중음악,BALLAD,2026.01.29,2026.01.29,아지토 라이브 홀,라이브 홀 ,0,서울,인 메이트,,인 메이트,인 메이트
141,리틀뮤지션 [천안],뮤지컬,CREATIVE,2026.01.24,2026.02.01,천안어린이꿈누리터 (구. 천안시 어린이 회관),꿈누리대공연장,296,충남,천안어린이꿈누리터,그란디스씨어터,천안어린이꿈누리터,
142,"올모스트, 메인",연극,DRAMA,2026.01.10,2026.01.11,DGT 아트센터,DGT 아트센터,60,서울,디지티컨텐츠공방,,"디지티컨텐츠공방, 독고탁컴퍼니",DGT극단
143,이철옥 아코디언콘서트 with 아코뮤즈,서양음악(클래식),CHAMBER,2026.01.29,2026.01.29,예술의전당 [서울],IBK챔버홀,600,서울,이철옥 아코뮤즈연주단,,이철옥 아코뮤즈연주단,이철옥 아코뮤즈연주단
144,"쌀롱드무지끄, Filmic Baroque",서양음악(클래식),CHAMBER,2026.01.23,2026.01.23,쌀롱드무지끄,쌀롱드무지끄,20,서울,,,쌀롱드무지끄,
145,서울시민과 함께하는 신년음악회: 희망의 서곡,서양음악(클래식),CHAMBER,2026.01.23,2026.01.23,스카이아트홀,스카이아트홀,987,서울,(주)커스텀360,,(주)커스텀360,(주)커스텀360
146,Under the Starlight,서양음악(클래식),CHAMBER,2026.01.24,2026.01.24,쌀롱드무지끄,쌀롱드무지끄,20,서울,,,쌀롱드무지끄,
147,"숲세권 라이브, 유인원 단독 공연: Baobob Tree",대중음악,BALLAD,2026.01.31,2026.01.31,숲세권 라이브,숲세권 라이브,0,서울,숲세권 라이브,,숲세권 라이브,숲세권 라이브
148,정효빈 EP 발매 기념 콘서트: Marigold,대중음악,BALLAD,2026.01.31,2026.01.31,구름아래소극장,구름아래소극장,200,서울,(주) ravex,,"Label A, (주) ravex",Label A
149,잭과 콩나무 [대구],연극,DRAMA,2026.01.28,2026.03.02,대백프라자,레오문화홀,100,대구,(주)교문,,(주)교문,
150,맘마미아! [경주],뮤지컬,CREATIVE,2026.01.30,2026.02.01,경주예술의전당,대공연장(화랑홀),"1,053",경북,"한국수력원자력(주), 경주시청",(주)신시컴퍼니,"한국수력원자력(주), 경주시청","(주)예술기획성우, (재)경주문화재단"
151,무대와 객석이 함께 호흡하는 김종현의 Fifth Grid [대전],대중음악,BALLAD,2026.01.10,2026.01.10,옐로우택시,옐로우택시,50,대전,,,대전재즈협회,대전재즈협회
152,방귀쟁이 며느리 [구미],뮤지컬,CREATIVE,2026.01.31,2026.03.01,롯데마트 어린이소극장 [구미],어린이소극장,184,경북,,극단 돼지,,
153,TIMF 신년음악회 [통영],서양음악(클래식),CHAMBER,2026.01.11,2026.01.11,통영국제음악당,콘서트홀,"1,309",경남,(재)통영국제음악재단,,"통영시청, (재)통영국제음악재단","통영시청, (재)통영국제음악재단"
154,최현아 피아노 독주회 [부산],서양음악(클래식),RECITAL,2026.01.13,2026.01.13,해운대문화회관,고운홀,130,부산,클피랩,,클피랩,클피랩
155,고양호수청소년오케스트라 정기연주회,서양음악(클래식),ORCHESTRA,2026.01.10,2026.01.10,고양아람누리,새라새극장,304,경기,,,고양 호수청소년 오케스트라,
156,"월간연주자, 피아니스트 김유빈 (1월)",서양음악(클래식),CHAMBER,2026.01.24,2026.01.24,갤러리 디 아르테 청담,공연장 (B1) ,0,서울,ARTE WITH (아르테위드),,ARTE WITH (아르테위드),
157,전자양 정규 4집 발매 공연: 합주와 생활,대중음악,BALLAD,2026.02.01,2026.02.01,스페이스브릭 (SPACE BRICK),스페이스브릭 (SPACE BRICK) ,60,서울,하이 피델리티(High Fidelity),,하이 피델리티(High Fidelity),하이 피델리티(High Fidelity)
158,"제2회 심야연극제, 완벽한 가족",연극,DRAMA,2026.01.27,2026.02.01,나인진홀 (구.청년극장),나인진홀 1관,94,서울,유머러스(유머러's),극단 집단독백,"유머러스(유머러's), (주) 나인진엔터테인먼트",유머러스(유머러's)
159,아버지를 조작해봤습니다. 근데 이제 타임루프를 곁들인,연극,DRAMA,2026.01.24,2026.01.24,아일랜드이너프 양재점,아일랜드이너프 양재점,40,서울,,,단가행,단가행
160,김나영 비올라 독주회,서양음악(클래식),RECITAL,2026.02.01,2026.02.01,예술의전당 [서울],리사이틀홀,354,서울,올리뮤직,,올리뮤직,올리뮤직
161,Stained Glass 2: Beethoven Op.11,서양음악(클래식),CHAMBER,2026.01.17,2026.01.17,도곡2문화센터,오유아트홀,138,서울,앙상블비플랫,,앙상블비플랫,한국예술인복지재단
162,이혜인 & 이기상 피아노 조인트 리사이틀: La Musique de paris en Janvier,서양음악(클래식),RECITAL,2026.01.21,2026.01.21,아트홀제이,아트홀제이,23,서울,,,,
163,RE: BLU,대중음악,BALLAD,2026.02.01,2026.02.01,클럽 프리버드,클럽 프리버드,0,서울,더블엑스엔터테인먼트,,더블엑스엔터테인먼트,더블엑스엔터테인먼트
164,최현아 피아노 독주회: Portrait of Night [서울],서양음악(클래식),RECITAL,2026.01.23,2026.01.23,반포심산아트홀,반포심산아트홀,405,서울,클피랩,,클피랩,클피랩
165,OFF THE RECORD FuturePeerClub x Healing Boys x Hard Rock Band,대중음악,ROCK,2026.01.30,2026.01.30,우무지,우무지,100,서울,(사) 코드(우무지),,(사) 코드(우무지),(사) 코드(우무지)
166,PROJECT E-ZER 시즌 2: ESSENTIAL 해빙: 얼음이 녹아 풀림,연극,DRAMA,2026.01.21,2026.01.24,오디너리 랩 스튜디오,오디너리 랩 스튜디오 (B1) ,0,서울,창작집단 담따(DAMDA),창작집단 담따(DAMDA),창작집단 담따(DAMDA),
167,빨간풍차,연극,DRAMA,2026.01.23,2026.02.01,스튜디오D,스튜디오D,20,서울,극단 대학로극장,극단 대학로극장,극단 대학로극장,극단 대학로극장
168,피아니스트 김보라 & 노민영 듀오 연주회: 앙상블의 미학 Ⅰ. Favourites,서양음악(클래식),CHAMBER,2026.01.24,2026.01.24,일신홀,일신홀,189,서울,예인예술기획,,예인예술기획,
169,"idol wave, MIDNIGHT SONATA: 양산형과 지뢰계 (1월)",대중음악,BALLAD,2026.01.25,2026.01.25,옥타바리움 라이브홀,공연장(B1),70,서울,,,마츠나미(matsunami),
170,"크라잉넛 30주년 기획 전시 갤러리 라이브, 김인수 (크라잉넛) (11.17)",대중음악,BALLAD,2025.11.17,2025.11.17,KT&G 상상마당 라이브홀 [마포],KT&G 상상마당 홍대갤러리,0,서울,,,KT&G 상상마당,KT&G 상상마당
171,양산시 승격 30주년 기념 신년음악회 [양산],서양음악(클래식),CHAMBER,2026.01.23,2026.01.23,양산문화예술회관,대공연장,796,경남,,,(재) 양산문화재단,(재) 양산문화재단
172,KAI B-day PARTY: 곰일파티,대중음악,BALLAD,2026.01.14,2026.01.14,예스24 라이브홀 (구. 악스코리아),예스24 라이브홀 (구. 악스코리아),"1,051",서울,(주)에스엠엔터테인먼트 (SM ENTERTAINMENT),,(주)에스엠엔터테인먼트 (SM ENTERTAINMENT),플러드 프로덕션(Flood Production)
173,정명훈 & 드레스덴 슈타츠카펠레 [서울 서초] (02.01),서양음악(클래식),CHAMBER,2026.02.01,2026.02.01,예술의전당 [서울],콘서트홀,"2,505",서울,(주)빈체로,,"중앙일보(주), (주)빈체로",
174,Antares The First,대중음악,BALLAD,2026.01.10,2026.01.25,K-POP STAGE (구. 윤형빈소극장 [홍대] ),K-POP STAGE (구. 윤형빈소극장 [홍대] ) ,147,서울,K-POP STAGE(케이팝 스테이지),,K-POP STAGE(케이팝 스테이지),
175,코리안리 신년음악회,서양음악(클래식),CHAMBER,2026.01.08,2026.01.08,롯데콘서트홀,롯데콘서트홀,"2,036",서울,,,,
176,"선데이콘서트, 해설이 있는 렉처 콘서트: 아이작 첼로 콰르텟 [인천]",서양음악(클래식),CHAMBER,2026.01.18,2026.01.18,엘림아트센터,엘림홀,298,인천,엘림아트센터,,엘림아트센터,엘림아트센터
177,이동현 단독 콘서트: 모여라!,대중음악,BALLAD,2026.01.25,2026.01.25,구름아래소극장,구름아래소극장,200,서울,스타트어뉴 레코드,,스타트어뉴 레코드,스타트어뉴 레코드
178,카운터테너 정민호: 고음악살롱 Renaissance & Baroque Music,서양음악(클래식),VOCAL,2026.01.20,2026.01.20,아트센터 림,아트홀,120,서울,현대문화기획,,(재) 도은,아트센터 림(Artcenter LIM)
179,에녹 새해맞이 디너쇼 [대구],대중음악,TROT,2026.01.21,2026.01.21,호텔 인터불고 대구,컨벤션홀,"1,500",대구,(주)스프링이엔티,EMK엔터테인먼트,"EMK엔터테인먼트, (주)스프링이엔티",(사) 한국장애인새마을운동연합회
180,화가났어 [음성],연극,DRAMA,2026.02.01,2026.02.01,음성생활문화예술공간 소극장하다 ,공연장,0,충북,교육극단 안,,교육극단 안,교육극단 안
181,김승주 단독 콘서트: HINT Ⅲ,대중음악,BALLAD,2026.01.24,2026.01.25,한국콘텐츠진흥원 CKL스테이지,한국콘텐츠진흥원 CKL스테이지,190,서울,주식회사 원더로크,,"테잎스(Tapes), 주식회사 원더로크",주식회사 원더로크
182,"아시테지 K-PANY 창작꿈밭 돋움단계 쇼케이스: 창작의 돋움전, 여기에서 저기로 이동하는 11가지 방법",연극,DRAMA,2026.01.14,2026.01.15,아르코 꿈밭극장,텃밭스튜디오(3F),30,서울,(사)국제아동청소년연극협회 한국본부(아시테지),,(사)국제아동청소년연극협회 한국본부(아시테지),(사)국제아동청소년연극협회 한국본부(아시테지)
183,"아시테지 K-PANY 창작꿈밭 돋움단계 쇼케이스: 창작의 돋움전, 흔들리는 집",연극,DRAMA,2026.01.10,2026.01.11,아르코 꿈밭극장,아르코꿈밭극장,169,서울,(사)국제아동청소년연극협회 한국본부(아시테지),,(사)국제아동청소년연극협회 한국본부(아시테지),(사)국제아동청소년연극협회 한국본부(아시테지)
184,"극아타의 극단적인 실험실 Vol.2, 雷虎: 번개같은 공연",대중음악,BALLAD,2026.01.18,2026.01.18,연남스페이스,연남스페이스,280,서울,극동아시아타이거즈(Far East Asian Tigers),,극동아시아타이거즈(Far East Asian Tigers),극동아시아타이거즈(Far East Asian Tigers)
185,"아시테지 K-PANY 창작꿈밭 돋움단계 쇼케이스: 창작의 돋움전, 사람을 다독이는 뉴-홈을 짓는 가까운 미래 건축공학자들의 고민과 기술시연",연극,DRAMA,2026.01.10,2026.01.11,아르코 꿈밭극장,아르코꿈밭극장,169,서울,(사)국제아동청소년연극협회 한국본부(아시테지),,(사)국제아동청소년연극협회 한국본부(아시테지),(사)국제아동청소년연극협회 한국본부(아시테지)
186,월간연주자 피아니스트 원아영 (1월),서양음악(클래식),CHAMBER,2026.01.17,2026.01.17,갤러리 디 아르테 청담,공연장 (B1) ,0,서울,ARTE WITH (아르테위드),,ARTE WITH (아르테위드),
187,"살롱클래식, 트리오 화온의 질문해도 되는 음악회",서양음악(클래식),CHAMBER,2026.01.22,2026.01.22,라율아트홀,라율아트홀,60,서울,삼윤(라율아트홀),,삼윤(라율아트홀),삼윤(라율아트홀)
188,"월미도, 1950 [인천]",연극,DRAMA,2026.01.23,2026.01.25,떼아뜨르 다락 소극장,떼아뜨르 다락 소극장,90,인천,떼아뜨르 다락,극단 토끼가사는달,떼아뜨르 다락,떼아뜨르 다락
189,"아시테지 K-PANY 창작꿈밭 돋움단계 쇼케이스: 창작의 돋움전, 달구리 국밥집",연극,DRAMA,2026.01.14,2026.01.15,아르코 꿈밭극장,아르코꿈밭극장,169,서울,(사)국제아동청소년연극협회 한국본부(아시테지),사해충 스튜디오,(사)국제아동청소년연극협회 한국본부(아시테지),(사)국제아동청소년연극협회 한국본부(아시테지)
190,제2회 드림단막극장: 손해배상 [대전],연극,DRAMA,2026.01.16,2026.01.16,드림아트홀 [대전],드림아트홀 [대전] ,77,대전,창작집단 위드유,창작집단 위드유,창작집단 위드유,
191,김이안 피아노살롱,서양음악(클래식),CHAMBER,2026.01.17,2026.02.21,서울숲 스튜디오301,서울숲 스튜디오301,0,서울,,,스튜디오301,
192,"만약, 오늘 밤 이 세상에서 동물이 사라진다면",대중음악,BALLAD,2026.01.13,2026.01.13,세티 라이브홀 (SETI LIVE HALL),세티 라이브홀 (SETI LIVE HALL) ,0,서울,,,"세티 라이브홀(SETi LIVE HALL), (주) 수소엔터테인먼트 (SOOSO Ent.)",
193,벽 [순창],연극,DRAMA,2026.01.24,2026.01.25,공유공간 이음줄,공유공간 이음줄,20,전북,,마밀라삐나따빠이,마밀라삐나따빠이,마밀라삐나따빠이
194,"낭만주의 거장, 차이코프스키 & 라흐마니노프 & 신세계로부터 [부산]",서양음악(클래식),CHAMBER,2026.01.30,2026.01.30,부산콘서트홀,콘서트홀,"2,011",부산,(사)밀레니엄심포니오케스트라,,(사)밀레니엄심포니오케스트라,두남재엔터테인먼트(주)
195,"신년음악회: Everyday, A New Beginning [안성]",서양음악(클래식),CHAMBER,2026.01.31,2026.01.31,안성맞춤아트홀,대공연장,991,경기,안성시 문화예술사업소,,"안성시 문화예술사업소, 안성맞춤아트홀(안성시)",
196,보령 신년 음악회,뮤지컬,CREATIVE,2026.01.17,2026.01.17,보령문화예술회관,대공연장,764,충남,,,보령시청,보령시청
197,죽음의 집,연극,DRAMA,2026.01.23,2026.01.25,극장 봄 (봄소극장),극장 봄,55,서울,극단 무이,극단 무이,극단 무이,극단 무이
198,"쌀롱드무지끄, Albatross: 곤",대중음악,BALLAD,2026.01.17,2026.01.17,쌀롱드무지끄,쌀롱드무지끄,20,서울,,,쌀롱드무지끄,
199,나우카르페디엠 페스티벌 음악회 I & II,서양음악(클래식),CHAMBER,2026.01.15,2026.01.15,세라믹팔레스홀,세라믹팔레스홀,401,서울,케이클래식스테이지(K-CLASSIC STAGE),,"케이클래식스테이지(K-CLASSIC STAGE), 나우피아노연구회","케이클래식스테이지(K-CLASSIC STAGE), 세라믹팔레스홀"
